{"cameraMode":{"drawMode":0,"name":"Shaded","section":"Shading Mode"},"sceneLighting":false,"audioPlay":false,"sceneViewState":{"showFog":true,"showMaterialUpdate":false,"showSkybox":true,"showFlares":true,"showImageEffects":true,"showParticleSystems":true},"in2DMode":false,"pivot":{"x":0.7210000157356262,"y":1.8899999856948853,"z":-4.158999919891357},"rotation":{"x":-0.07029327005147934,"y":0.2303878366947174,"z":-0.016688501462340356,"w":-0.9704132676124573},"size":0.8573653101921082,"orthographic":false}